-- Geração de Modelo físico
-- Sql ANSI 2003 - brModelo.



CREATE TABLE Cliente (
CPF Varchar(14)Not Null PRIMARY KEY,
Endereco Varchar(40)Not Null,
Nome Varchar(40)Not Null,
Telefone Varchar(15)Not Null
);

CREATE TABLE Produto (
Id Int Not Null PRIMARY KEY,
Preco Decimal(7,2) Not Null,
Nome Varchar(40)Not Null,
Estoque Int Not Null
);

CREATE TABLE Pedido (
Numero Int Not Null PRIMARY KEY,
Total Decimal (7,2)Not Null,
Data Date Not Null,
CPF Varchar(14)Not Null,
FOREIGN KEY(CPF) REFERENCES Cliente (CPF)
);

CREATE TABLE Contem (
Quantidade Int Not Null,
Comprovante Varchar(20)Not Null PRIMARY KEY,
Id Int Not Null,
Numero Int Not Null,
FOREIGN KEY(Id) REFERENCES Produto (Id),
FOREIGN KEY(Numero) REFERENCES Pedido (Numero)
);

SELECT * FROM CLIENTE;

INSERT INTO CLIENTE VALUES ('123', 'RUA LIMEIRA', 'SAMUEL', '19982050582');
INSERT INTO CLIENTE VALUES ('456', 'AVENIDA DAS ROSAS', 'ANA', '19987654321');
INSERT INTO CLIENTE VALUES ('789', 'RUA DAS FLORES', 'JOÃO', '19987776655');
INSERT INTO CLIENTE VALUES ('101', 'TRAVESSA DAS PALMEIRAS', 'MARIA', '19984445566');
INSERT INTO CLIENTE VALUES ('202', 'ALAMEDA DOS JASMINS', 'PEDRO', '19981112233');
INSERT INTO CLIENTE VALUES ('303', 'PRAÇA DAS ORQUÍDEAS', 'CARLA', '19983334455');
INSERT INTO CLIENTE VALUES ('404', 'RUA DAS VIOLETAS', 'MARCOS', '19980001111');
INSERT INTO CLIENTE VALUES ('505', 'AVENIDA DAS AZALEIAS', 'FERNANDA', '19982223344');
INSERT INTO CLIENTE VALUES ('606', 'TRAVESSA DAS MAGNÓLIAS', 'RAFAEL', '19985556677');
INSERT INTO CLIENTE VALUES ('707', 'ALAMEDA DAS ACÁCIAS', 'LUCIA', '19986669900');

SELECT * FROM PRODUTO;

INSERT INTO Produto VALUES (1, 29.99, 'Mussarela', 50);
INSERT INTO Produto VALUES (2, 34.99, 'Calabresa', 30);
INSERT INTO Produto VALUES (3, 39.99, 'Quatro Queijos', 40);
INSERT INTO Produto VALUES (4, 36.99, 'Portuguesa', 20);
INSERT INTO Produto VALUES (5, 42.99, 'Frango com Catupiry', 35);
INSERT INTO Produto VALUES (6, 38.99, 'Pepperoni', 25);
INSERT INTO Produto VALUES (7, 45.99, 'Margherita', 30);
INSERT INTO Produto VALUES (8, 49.99, 'Vegetariana', 20);
INSERT INTO Produto VALUES (9, 54.99, 'Napolitana', 15);
INSERT INTO Produto VALUES (10, 48.99, 'Mexicana', 25);

SELECT * FROM PEDIDO;

INSERT INTO Pedido VALUES (1, 59.98, '2024-05-03', '123');
INSERT INTO Pedido VALUES (2, 72.97, '2024-05-03', '456');
INSERT INTO Pedido VALUES (3, 47.99, '2024-05-03', '789');
INSERT INTO Pedido VALUES (4, 63.98, '2024-05-03', '101');
INSERT INTO Pedido VALUES (5, 86.97, '2024-05-03', '202');
INSERT INTO Pedido VALUES (6, 91.99, '2024-05-03', '303');
INSERT INTO Pedido VALUES (7, 109.98, '2024-05-03', '404');
INSERT INTO Pedido VALUES (8, 54.99, '2024-05-03', '505');
INSERT INTO Pedido VALUES (9, 79.98, '2024-05-03', '606');
INSERT INTO Pedido VALUES (10, 67.97, '2024-05-03', '707');

SELECT * FROM CONTEM;

INSERT INTO Contem VALUES (2, 'ABC123', 1, 1);
INSERT INTO Contem VALUES (1, 'DEF456', 2, 2);
INSERT INTO Contem VALUES (3, 'GHI789', 3, 3);
INSERT INTO Contem VALUES (1, 'JKL012', 4, 4);
INSERT INTO Contem VALUES (2, 'MNO345', 5, 5);
INSERT INTO Contem VALUES (1, 'PQR678', 6, 6);
INSERT INTO Contem VALUES (4, 'STU901', 7, 7);
INSERT INTO Contem VALUES (3, 'VWX234', 8, 8);
INSERT INTO Contem VALUES (2, 'YZA567', 9, 9);
INSERT INTO Contem VALUES (1, 'BCD890', 10, 10);

SELECT CPF, NOME FROM CLIENTE; -- SELECIONAR SOMENTE CPF E NOME DA TABELA CLIENTE

SELECT NUMERO, TOTAL FROM PEDIDO; -- SELECIONAR SOMENTE NUMERO DO PEDIDO E VALOR TOTAL DA TABELA PEDIDO

SELECT NOME, PRECO FROM PRODUTO; -- SELECIONAR SOMENTE NOME DO PRODUTO E PRECO DA TABELA PRODUTO

SELECT * FROM PEDIDO WHERE TOTAL > '70'; -- SELECIONA OS PEDIDOS COM VALOR ACIMA DE 70

SELECT * FROM PRODUTO WHERE PRECO > '40'; -- SELECIONA OS PRODUTOS COM PRECO ACIMA DE 40

SELECT * FROM PRODUTO ORDER BY NOME DESC LIMIT 5; -- SELECIONA OS PRODUTOS POR ORDEM ALFABETICA

